{
    "deltaEdiff": [
        -3.269525439465654
    ],
    "deltaLdiff": [
        0.32699999999999996
    ],
    "deltaCdiff": [
        -3.2159951712135673
    ],
    "deltaHdiff": [
        -0.6458034012844424
    ]
}