{
    "deltaEdiff": [
        -2.4070616524299364
    ],
    "deltaLdiff": [
        0.3576999999999977
    ],
    "deltaCdiff": [
        -1.9699158953438278
    ],
    "deltaHdiff": [
        -1.4028037474960389
    ]
}