{
    "deltaEdiff": [
        -2.665458953690422
    ],
    "deltaLdiff": [
        0.6069999999999993
    ],
    "deltaCdiff": [
        -3.7992421467207222
    ],
    "deltaHdiff": [
        -0.01207784188921135
    ]
}