{
    "deltaEdiff": [
        -4.5144297753105
    ],
    "deltaLdiff": [
        1.4075999999999986
    ],
    "deltaCdiff": [
        -6.9869323964233985
    ],
    "deltaHdiff": [
        -0.1157853205225754
    ]
}