{
    "deltaEdiff": [
        -3.466373845252547
    ],
    "deltaLdiff": [
        -0.12899999999999778
    ],
    "deltaCdiff": [
        -1.6676664926413096
    ],
    "deltaHdiff": [
        -3.040307803707603
    ]
}