{
    "deltaEdiff": [
        -1.4085598407484685
    ],
    "deltaLdiff": [
        1.1070000000000029
    ],
    "deltaCdiff": [
        -2.146323669722996
    ],
    "deltaHdiff": [
        -0.09305499083578095
    ]
}