{
    "deltaEdiff": [
        -5.40657742745129
    ],
    "deltaLdiff": [
        -0.5542000000000016
    ],
    "deltaCdiff": [
        -4.1326810679416575
    ],
    "deltaHdiff": [
        -4.128493183785574
    ]
}