{
    "deltaEdiff": [
        -13.911267364788742
    ],
    "deltaLdiff": [
        0.4061000000000021
    ],
    "deltaCdiff": [
        -9.345407704497742
    ],
    "deltaHdiff": [
        -12.656576561992303
    ]
}