{
    "deltaEdiff": [
        -2.063539964190584
    ],
    "deltaLdiff": [
        0.1363000000000021
    ],
    "deltaCdiff": [
        0.9870681345021097
    ],
    "deltaHdiff": [
        -2.2752125862546544
    ]
}