{
    "deltaEdiff": [
        -2.8808995863241273
    ],
    "deltaLdiff": [
        0.19790000000000063
    ],
    "deltaCdiff": [
        -2.890201411012999
    ],
    "deltaHdiff": [
        -0.5433924479078911
    ]
}