{
    "deltaEdiff": [
        -2.643628453510522
    ],
    "deltaLdiff": [
        -0.26539999999999964
    ],
    "deltaCdiff": [
        -1.6958493942579178
    ],
    "deltaHdiff": [
        -2.2380218453679204
    ]
}