{
    "deltaEdiff": [
        -25.41343817897171
    ],
    "deltaLdiff": [
        -3.5012000000000008
    ],
    "deltaCdiff": [
        -10.985149787370364
    ],
    "deltaHdiff": [
        -23.060748630991597
    ]
}