{
    "deltaEdiff": [
        -3.0915675663722384
    ],
    "deltaLdiff": [
        -0.15979999999999706
    ],
    "deltaCdiff": [
        -2.698559451942746
    ],
    "deltaHdiff": [
        -1.674865486770266
    ]
}