{
    "deltaEdiff": [
        -1.9058034493842442
    ],
    "deltaLdiff": [
        0.5014000000000003
    ],
    "deltaCdiff": [
        -1.2325333748543734
    ],
    "deltaHdiff": [
        -1.494850080801184
    ]
}