{
    "deltaEdiff": [
        -2.544337453317782
    ],
    "deltaLdiff": [
        1.062899999999999
    ],
    "deltaCdiff": [
        -2.3550642641207045
    ],
    "deltaHdiff": [
        -1.1536344925037452
    ]
}