{
    "deltaEdiff": [
        -3.6176110138914295
    ],
    "deltaLdiff": [
        0.4222999999999999
    ],
    "deltaCdiff": [
        -3.716840874771947
    ],
    "deltaHdiff": [
        0.5341765459251713
    ]
}