{
    "deltaEdiff": [
        -1.8951502598752636
    ],
    "deltaLdiff": [
        0.373899999999999
    ],
    "deltaCdiff": [
        -1.8116070551902954
    ],
    "deltaHdiff": [
        -0.8043525475202146
    ]
}