{
    "deltaEdiff": [
        -1.937739521697404
    ],
    "deltaLdiff": [
        0.45009999999999906
    ],
    "deltaCdiff": [
        1.1394566281948748
    ],
    "deltaHdiff": [
        -2.2993624288859724
    ]
}