{
    "deltaEdiff": [
        -3.9603065301291993
    ],
    "deltaLdiff": [
        -0.18620000000000303
    ],
    "deltaCdiff": [
        -3.928892287267102
    ],
    "deltaHdiff": [
        -0.5225932999949251
    ]
}