{
    "deltaEdiff": [
        -4.0333454683549865
    ],
    "deltaLdiff": [
        1.0189999999999984
    ],
    "deltaCdiff": [
        -4.62072640968989
    ],
    "deltaHdiff": [
        0.377532420268043
    ]
}