{
    "deltaEdiff": [
        -4.168448971328468
    ],
    "deltaLdiff": [
        -0.46780000000000044
    ],
    "deltaCdiff": [
        -3.8438595235819264
    ],
    "deltaHdiff": [
        -1.6770574228058983
    ]
}