{
    "deltaEdiff": [
        -3.185170803314289
    ],
    "deltaLdiff": [
        0.7507000000000001
    ],
    "deltaCdiff": [
        -2.153685077242736
    ],
    "deltaHdiff": [
        -2.512151741391407
    ]
}