{
    "deltaEdiff": [
        -4.924710615147152
    ],
    "deltaLdiff": [
        0.3709000000000007
    ],
    "deltaCdiff": [
        -1.0448979954875774
    ],
    "deltaHdiff": [
        -4.827515235875198
    ]
}