{
    "deltaEdiff": [
        -4.623155779641742
    ],
    "deltaLdiff": [
        -0.011700000000001154
    ],
    "deltaCdiff": [
        -2.4526864273301996
    ],
    "deltaHdiff": [
        -3.934974657126272
    ]
}