{
    "deltaEdiff": [
        -1.339883806206755
    ],
    "deltaLdiff": [
        0.17159999999999798
    ],
    "deltaCdiff": [
        -1.1982410804067278
    ],
    "deltaHdiff": [
        -0.6041827989216015
    ]
}