{
    "deltaEdiff": [
        -5.438017909943091
    ],
    "deltaLdiff": [
        -0.9105000000000025
    ],
    "deltaCdiff": [
        -4.0302211014125575
    ],
    "deltaHdiff": [
        -4.66894742094027
    ]
}