{
    "deltaEdiff": [
        -3.8801450924061927
    ],
    "deltaLdiff": [
        -0.10120000000000218
    ],
    "deltaCdiff": [
        -3.3287644813451926
    ],
    "deltaHdiff": [
        -2.0346052169627873
    ]
}