{
    "deltaEdiff": [
        -3.018566963724422
    ],
    "deltaLdiff": [
        1.7390000000000008
    ],
    "deltaCdiff": [
        -3.681438343559922
    ],
    "deltaHdiff": [
        0.1802822872602512
    ]
}