{
    "deltaEdiff": [
        -15.983372870974982
    ],
    "deltaLdiff": [
        -0.18769999999999953
    ],
    "deltaCdiff": [
        4.498036658676565
    ],
    "deltaHdiff": [
        -16.366477954921436
    ]
}