{
    "deltaEdiff": [
        -10.106615494340836,
        -1.6080886910109342,
        -9.086701657473448,
        -13.022196937594224,
        -2.7343291962804734,
        -5.26226206083124,
        -7.009236151161858,
        -8.490044330651838,
        -12.04197923078019,
        -5.067320453204587,
        -8.062688933360153,
        -8.601644659080929,
        -7.90920294893338,
        -8.779363906920956,
        -11.701757425267964,
        -7.551789089918174,
        -9.26911125635116,
        -11.268966373171196,
        -9.017138399054478,
        -8.420692974584952,
        -8.947250769182965,
        -10.830337394518917,
        -10.678194721683646,
        -11.79406266910874,
        -13.416702229749351,
        -9.800913681171359,
        -8.712995505103162,
        -8.887616575717686,
        -8.780620942613979,
        -9.401666332643035,
        -13.4813684696975,
        -15.092375086886577,
        -17.171358410748105,
        -11.18533697029213,
        -8.05733859823691,
        -7.533446963581611,
        -9.103774932099018,
        -9.492543043734084,
        -8.983901587069067,
        -10.021440828091663,
        -21.122367671149746,
        -18.688799016019566,
        -13.372374615117167,
        -10.960395455524818,
        -8.41414492914399,
        -7.407904393350314,
        -8.375572929439265,
        -8.540958392323297,
        -7.1843072862119755,
        -7.086504158902333,
        -7.295697075003602,
        -14.981006189227042,
        -13.132886046918625,
        -12.801126605723116,
        -12.643527682101965,
        -11.264869502691186,
        -9.004045135914463,
        -7.522740454129234,
        -7.477256578994947,
        -7.140967229170727
    ],
    "deltaLdiff": [
        -0.3572000000000024,
        2.636800000000001,
        0.2673999999999985,
        -0.9114000000000004,
        1.1676000000000002,
        1.9154000000000018,
        1.463799999999999,
        0.6940999999999988,
        -0.48910000000000053,
        0.7865000000000002,
        1.5253999999999976,
        1.9432999999999971,
        1.8522999999999996,
        1.3186999999999998,
        0.3714999999999975,
        0.5137,
        1.1046000000000014,
        2.2321000000000026,
        2.3978,
        2.154399999999999,
        1.5283000000000015,
        0.6559000000000026,
        0.8435999999999986,
        0.8582000000000001,
        2.6601999999999997,
        2.095700000000001,
        2.5707999999999984,
        2.1544000000000025,
        1.2027999999999999,
        0.6824000000000012,
        0.9095999999999975,
        1.157399999999999,
        4.494400000000002,
        3.0839,
        2.7878000000000007,
        2.6235999999999997,
        2.224800000000002,
        1.4829000000000008,
        1.214500000000001,
        0.5400999999999989,
        0.3642000000000003,
        5.2437000000000005,
        3.987099999999998,
        3.6294000000000004,
        3.1499999999999986,
        3.105900000000002,
        2.7438000000000002,
        2.044400000000003,
        1.7760999999999996,
        1.7745999999999995,
        1.5840999999999994,
        4.947499999999998,
        3.9533999999999985,
        4.264200000000002,
        4.537000000000003,
        4.095700000000001,
        3.402100000000001,
        3.2715999999999994,
        2.651399999999999,
        2.4944999999999986
    ],
    "deltaCdiff": [
        -9.8032100075987,
        6.255957866432048,
        -7.211215764005608,
        -12.378101636538211,
        3.3285234934913603,
        7.080567099076109,
        -3.413594317526819,
        -7.47262990834378,
        -11.886638475134212,
        1.874581307348988,
        5.639365495028702,
        -0.8621077211513999,
        -3.2074634110015428,
        -7.60136684944359,
        -11.910391849921453,
        -0.21099179808120638,
        5.332509450631976,
        -6.970537680540996,
        -2.415365269192897,
        -1.1610398414033565,
        -4.882161127749612,
        -10.115686602659366,
        -3.1534970069891557,
        3.526989538608621,
        -12.41007734097608,
        -9.013800946872607,
        -5.067362812651734,
        -2.396913686163826,
        -0.5163737821678325,
        -5.040649646332474,
        -4.253280438564367,
        1.4484612809388508,
        -15.741004458773755,
        -10.606556774428785,
        -7.901935365165713,
        -5.949399855726817,
        -3.9907213206938277,
        -1.1436963404965645,
        -2.737788805073066,
        -7.790334569304601,
        -5.148997760719009,
        -17.199122793970716,
        -12.344655349011731,
        -10.144512737634336,
        -7.781911106920738,
        -6.659282980492009,
        -5.9175000985148145,
        -3.679273261080848,
        -1.482166272254446,
        0.6047467816761305,
        -4.6341942917200925,
        -14.730821840620365,
        -13.032824803234341,
        -12.806371253046308,
        -12.548538699488034,
        -11.367569459626942,
        -8.669350415472113,
        -6.73084743315253,
        -5.760949227276274,
        -4.772838424605329
    ],
    "deltaHdiff": [
        -6.526996879554078,
        -5.729911922625282,
        -6.293334893242331,
        -7.18945555736663,
        -4.652258511402774,
        -7.604049768350054,
        -6.017563960541057,
        -5.0386907871726905,
        -5.316683009574456,
        -6.55746993948587,
        -8.850154540128507,
        -8.375200861757381,
        -7.07629646142415,
        -5.053018888803063,
        -2.9220957094325524,
        -8.764424591848691,
        -10.102446820943026,
        -8.813253582261563,
        -8.35019995831792,
        -8.068805486849438,
        -7.413487409144768,
        -4.936967391155569,
        -10.787215052211685,
        -12.841534570413963,
        -5.480153900931963,
        -4.1771016989315655,
        -6.6121284457124645,
        -8.323866793216297,
        -9.01627688219115,
        -8.246499814711214,
        -13.334043106305472,
        -16.061060663552823,
        -5.21147804351208,
        -2.067411316494489,
        0.9605608063684548,
        -4.120507433078812,
        -7.878141343779131,
        -9.438536276609522,
        -8.593417907203428,
        -7.794221467847535,
        -20.845124202142536,
        -6.0788213331895635,
        -3.614462343032332,
        -2.1742166125250506,
        -0.766686278963634,
        -1.4376354317699696,
        -5.81238192372191,
        -7.660044085623738,
        -6.850171169808842,
        -6.906587373149129,
        -6.779914324766633,
        -6.686154747327316,
        -5.109314510473167,
        -3.857704705070228,
        -2.7037786205428045,
        -0.7565182589683905,
        0.4624294255277168,
        -0.916740153022925,
        -4.870736833872524,
        -4.7614909173192785
    ]
}