{
    "deltaEdiff": [
        -28.693635772941207
    ],
    "deltaLdiff": [
        4.9665
    ],
    "deltaCdiff": [
        -0.6755008952384074
    ],
    "deltaHdiff": [
        -28.311288155951267
    ]
}