{
    "deltaEdiff": [
        -3.735273926978131
    ],
    "deltaLdiff": [
        1.8078000000000003
    ],
    "deltaCdiff": [
        -5.3505278813736155
    ],
    "deltaHdiff": [
        0.26658035303214156
    ]
}