{
    "deltaEdiff": [
        -5.086500165869546
    ],
    "deltaLdiff": [
        -0.06020000000000003
    ],
    "deltaCdiff": [
        -2.238705950637586
    ],
    "deltaHdiff": [
        -4.690500698792575
    ]
}