{
    "deltaEdiff": [
        -22.374371134706664
    ],
    "deltaLdiff": [
        -5.309100000000001
    ],
    "deltaCdiff": [
        -12.337847710680414
    ],
    "deltaHdiff": [
        -19.17861512633165
    ]
}