{
    "deltaEdiff": [
        -2.554545582034634
    ],
    "deltaLdiff": [
        0.4471999999999987
    ],
    "deltaCdiff": [
        -0.843824078151421
    ],
    "deltaHdiff": [
        -2.6004753625928094
    ]
}