{
    "deltaEdiff": [
        -2.4246226641836515
    ],
    "deltaLdiff": [
        0.3752999999999993
    ],
    "deltaCdiff": [
        -0.9167269319539377
    ],
    "deltaHdiff": [
        -2.3236039294135846
    ]
}