{
    "deltaEdiff": [
        -4.216065687613664
    ],
    "deltaLdiff": [
        0.014599999999999724
    ],
    "deltaCdiff": [
        -3.976511293878704
    ],
    "deltaHdiff": [
        -1.4082592462617747
    ]
}