{
    "deltaEdiff": [
        -3.2134794636721242
    ],
    "deltaLdiff": [
        0.2727000000000004
    ],
    "deltaCdiff": [
        -0.6434367183635672
    ],
    "deltaHdiff": [
        -3.155697567333079
    ]
}