{
    "deltaEdiff": [
        -1.8562192189376816
    ],
    "deltaLdiff": [
        1.0732999999999997
    ],
    "deltaCdiff": [
        -2.1221211869054493
    ],
    "deltaHdiff": [
        -0.3811895062838708
    ]
}