{
    "deltaEdiff": [
        -5.272875823505373
    ],
    "deltaLdiff": [
        0.24489999999999945
    ],
    "deltaCdiff": [
        -0.6519166921339696
    ],
    "deltaHdiff": [
        -5.23922082304936
    ]
}