{
    "deltaEdiff": [
        -1.3106943349885558
    ],
    "deltaLdiff": [
        1.2037000000000013
    ],
    "deltaCdiff": [
        -1.5724788836092607
    ],
    "deltaHdiff": [
        -0.4321033217915211
    ]
}