{
    "deltaEdiff": [
        -3.73103334033431
    ],
    "deltaLdiff": [
        0.998400000000002
    ],
    "deltaCdiff": [
        -3.794080165207463
    ],
    "deltaHdiff": [
        -0.36033048008112234
    ]
}