{
    "deltaEdiff": [
        -4.857612854908724
    ],
    "deltaLdiff": [
        -0.4778999999999982
    ],
    "deltaCdiff": [
        -3.748160558856613
    ],
    "deltaHdiff": [
        -3.2223914848801307
    ]
}