{
    "deltaEdiff": [
        -18.470652011444948
    ],
    "deltaLdiff": [
        -0.6979000000000006
    ],
    "deltaCdiff": [
        -1.5586196708096818
    ],
    "deltaHdiff": [
        -18.759498870142444
    ]
}