{
    "deltaEdiff": [
        -18.917391393660473
    ],
    "deltaLdiff": [
        -3.5702
    ],
    "deltaCdiff": [
        -9.065182863447586
    ],
    "deltaHdiff": [
        -16.9505024607521
    ]
}