{
    "deltaEdiff": [
        -21.385102563371063
    ],
    "deltaLdiff": [
        -1.8092999999999968
    ],
    "deltaCdiff": [
        -6.517017180932051
    ],
    "deltaHdiff": [
        -20.535363918993397
    ]
}