{
    "deltaEdiff": [
        -1.9339073114673422
    ],
    "deltaLdiff": [
        0.483900000000002
    ],
    "deltaCdiff": [
        0.7166996485233863
    ],
    "deltaHdiff": [
        -2.4110360034938374
    ]
}