{
    "deltaEdiff": [
        -4.399582365573081
    ],
    "deltaLdiff": [
        1.3738000000000028
    ],
    "deltaCdiff": [
        -7.041358584753439
    ],
    "deltaHdiff": [
        1.1220608258097688
    ]
}