{
    "deltaEdiff": [
        -3.061269353837118
    ],
    "deltaLdiff": [
        0.03960000000000008
    ],
    "deltaCdiff": [
        -2.967111560533718
    ],
    "deltaHdiff": [
        -0.804955350049898
    ]
}