{
    "deltaEdiff": [
        -4.103740546753391
    ],
    "deltaLdiff": [
        0.40470000000000006
    ],
    "deltaCdiff": [
        -1.8464971161449544
    ],
    "deltaHdiff": [
        -3.731028877570693
    ]
}