{
    "deltaEdiff": [
        -2.9643972099044706
    ],
    "deltaLdiff": [
        0.3636999999999997
    ],
    "deltaCdiff": [
        -2.3368837319044466
    ],
    "deltaHdiff": [
        -1.8676281805131962
    ]
}