{
    "deltaEdiff": [
        -2.5146715442807714
    ],
    "deltaLdiff": [
        0.17450000000000188
    ],
    "deltaCdiff": [
        -2.5000858863934408
    ],
    "deltaHdiff": [
        -0.3033121608769829
    ]
}