{
    "deltaEdiff": [
        -2.833859193401236
    ],
    "deltaLdiff": [
        -0.13340000000000174
    ],
    "deltaCdiff": [
        -2.174138477181005
    ],
    "deltaHdiff": [
        -1.9217868781951344
    ]
}