{
    "deltaEdiff": [
        -12.228363931535721
    ],
    "deltaLdiff": [
        1.7668
    ],
    "deltaCdiff": [
        -10.341708600120441
    ],
    "deltaHdiff": [
        -9.156847054844778
    ]
}