{
    "deltaEdiff": [
        -27.733724060927486
    ],
    "deltaLdiff": [
        -6.228399999999999
    ],
    "deltaCdiff": [
        -17.717820191278967
    ],
    "deltaHdiff": [
        -22.017329070406937
    ]
}