{
    "deltaEdiff": [
        -9.00323716307678,
        -10.328211905116504,
        -6.21493691501885,
        -10.007359361505042,
        -9.627150703693896,
        -10.908742649579104,
        -8.855558781071277,
        -11.819459458530943,
        -10.962200358234675,
        -10.636876742632658,
        -11.077499230545662,
        -12.176775609473317,
        -13.557805722471226,
        -11.209034356638295,
        -11.143963544795529,
        -11.15518488549171,
        -10.663110472984542,
        -15.775447760972348,
        -16.508761069123416,
        -12.430220307869536,
        -11.330023635526477,
        -11.456156707683274,
        -11.341327924527963,
        -10.626571123572369,
        -18.92478063924478,
        -21.36032893392347,
        -16.34944579806373,
        -13.187072688850407,
        -12.056766230692975
    ],
    "deltaLdiff": [
        2.003300000000001,
        0.7335999999999991,
        2.7013,
        3.4549000000000003,
        2.7569999999999997,
        1.7570999999999994,
        2.3054000000000006,
        4.363900000000001,
        3.815599999999998,
        3.2231999999999985,
        2.3406000000000002,
        2.138300000000001,
        5.748100000000001,
        4.366799999999998,
        3.7878000000000007,
        3.2906999999999993,
        2.451999999999998,
        1.7657999999999987,
        7.497199999999999,
        5.863900000000001,
        5.1645,
        4.336099999999998,
        3.425600000000001,
        2.9944999999999986,
        1.2454000000000018,
        8.492799999999999,
        7.283100000000001,
        6.8477,
        6.242099999999997
    ],
    "deltaCdiff": [
        -6.438097997159614,
        -9.804274287682881,
        2.7267489432134138,
        -2.16984025419206,
        -6.660677681879921,
        -10.86219126218056,
        1.3773013396758262,
        -5.657515271171075,
        0.7239784777687372,
        -4.187866087702748,
        -9.782523762704313,
        -1.3079758101490455,
        -10.724318613832255,
        -9.012796165616162,
        -5.94103225297207,
        1.4300100438866181,
        -3.4587474751828857,
        -2.5646807186623697,
        -13.490007866789998,
        -10.639565871809824,
        -10.329051740094666,
        -9.673299788439344,
        -4.821055259253864,
        0.24024627985279245,
        -4.038064950441672,
        -18.300481650527185,
        -14.203750665116786,
        -11.602749598802792,
        -10.688959303934169
    ],
    "deltaHdiff": [
        -6.104720667223164,
        -4.864307180247919,
        -7.782266490096992,
        -9.173118556642759,
        -6.441458499954358,
        -2.2353125882788687,
        -10.199092096395571,
        -9.946210978634937,
        -10.2935273216614,
        -9.282922361917578,
        -5.011830074021461,
        -12.917740511103329,
        -7.064585039413325,
        -6.030181871203068,
        -8.744150869516684,
        -10.73242172997847,
        -9.942870252161164,
        -16.4489231866954,
        -6.6974652971615285,
        -3.7337170971156155,
        -1.241592723680589,
        -4.402157273146084,
        -9.715388811934435,
        -10.223402001907388,
        -19.201621855544005,
        -7.5450635485890345,
        -4.602127207948017,
        -2.127291621658883,
        -1.0580191504629664
    ]
}