{
    "deltaEdiff": [
        -2.7917101868751146
    ],
    "deltaLdiff": [
        -0.19790000000000063
    ],
    "deltaCdiff": [
        -1.6101699706075543
    ],
    "deltaHdiff": [
        -2.5467054001512066
    ]
}